{"cameraMode":{"drawMode":0,"name":"Shaded","section":"Shading Mode"},"sceneLighting":false,"audioPlay":false,"sceneViewState":{"showFog":true,"showMaterialUpdate":false,"showSkybox":true,"showFlares":true,"showImageEffects":true,"showParticleSystems":true},"in2DMode":false,"pivot":{"x":-7.332132339477539,"y":1.4480640888214112,"z":6.818706512451172},"rotation":{"x":0.08447273075580597,"y":0.9155372977256775,"z":-0.2760111689567566,"w":0.2801869213581085},"size":5.829541206359863,"orthographic":false}