{"cameraMode":{"drawMode":0,"name":"Shaded","section":"Shading Mode"},"sceneLighting":false,"audioPlay":false,"sceneViewState":{"showFog":true,"showMaterialUpdate":false,"showSkybox":true,"showFlares":true,"showImageEffects":true,"showParticleSystems":true},"in2DMode":false,"pivot":{"x":23.49108123779297,"y":-27.28458023071289,"z":-34.61106491088867},"rotation":{"x":0.08447273075580597,"y":0.9155372977256775,"z":-0.2760111689567566,"w":0.2801869213581085},"size":35.133296966552737,"orthographic":false}